{"cameraMode":{"drawMode":0,"name":"Shaded","section":"Shading Mode"},"sceneLighting":true,"audioPlay":false,"sceneViewState":{"showFog":true,"showMaterialUpdate":false,"showSkybox":true,"showFlares":true,"showImageEffects":true,"showParticleSystems":true},"in2DMode":false,"pivot":{"x":0.5555331707000732,"y":-0.6829196214675903,"z":0.00901174545288086},"rotation":{"x":-0.443081259727478,"y":-0.32395777106285097,"z":0.17563919723033906,"w":-0.8172405362129211},"size":18.13229751586914,"orthographic":true}