{"cameraMode":{"drawMode":0,"name":"Shaded","section":"Shading Mode"},"sceneLighting":true,"audioPlay":false,"sceneViewState":{"showFog":false,"showMaterialUpdate":true,"showSkybox":true,"showFlares":true,"showImageEffects":true,"showParticleSystems":true},"in2DMode":false,"pivot":{"x":639.1504516601563,"y":41.995697021484378,"z":1037.482666015625},"rotation":{"x":-0.016608919948339464,"y":0.9704199433326721,"z":-0.23069904744625092,"w":-0.0696934163570404},"size":49.63324737548828,"orthographic":false}