{"cameraMode":{"drawMode":0,"name":"Shaded","section":"Shading Mode"},"sceneLighting":false,"audioPlay":false,"sceneViewState":{"showFog":true,"showMaterialUpdate":true,"showSkybox":false,"showFlares":true,"showImageEffects":true,"showParticleSystems":true},"in2DMode":false,"pivot":{"x":0.58879554271698,"y":-0.07467317581176758,"z":0.4337536096572876},"rotation":{"x":0.18741567432880402,"y":0.08857794851064682,"z":-0.016969213262200357,"w":0.9781357049942017},"size":8.063455581665039,"orthographic":false}