{"cameraMode":{"drawMode":0,"name":"Shaded","section":"Shading Mode"},"sceneLighting":true,"audioPlay":false,"sceneViewState":{"showFog":false,"showMaterialUpdate":true,"showSkybox":true,"showFlares":true,"showImageEffects":true,"showParticleSystems":true},"in2DMode":false,"pivot":{"x":-12.639004707336426,"y":3.135519027709961,"z":11.180161476135254},"rotation":{"x":0.3339613080024719,"y":-0.0008471914334222674,"z":0.0002985993924085051,"w":0.9425949454307556},"size":42.10776138305664,"orthographic":false}