{"cameraMode":{"drawMode":0,"name":"Shaded","section":"Shading Mode"},"sceneLighting":false,"audioPlay":false,"sceneViewState":{"showFog":false,"showMaterialUpdate":true,"showSkybox":false,"showFlares":true,"showImageEffects":true,"showParticleSystems":true},"in2DMode":false,"pivot":{"x":-11.210000038146973,"y":2.5400002002716066,"z":-6.869999885559082},"rotation":{"x":0.046266064047813418,"y":0.8717792630195618,"z":-0.0839480459690094,"w":0.48044538497924807},"size":5.051700592041016,"orthographic":false}